Date,H0,H1,H2,H3,H4,H5,H6,H7,H8,H9,H10,H11,H12,H13,H14,H15,H16,H17,H18,H19,H20,H21,H22,H23
1/1/2022,701.2125,668.4375,701.5,681.6625,656.9375,717.6,735.425,732.2625,739.1625,743.1875,751.525,773.6625,765.0375,753.5375,767.9125,752.9625,742.9,727.6625,714.4375,714.725,711.275,715.5875,733.9875,720.7625
1/2/2022,674.475,684.25,688.85,663.2625,653.2,719.9,719.0375,726.225,775.1,800.1125,806.15,786.8875,794.65,784.3,796.95,761.0125,754.975,747.7875,733.125,740.3125,736.2875,740.025,747.7875,758.1375
1/3/2022,763.025,677.0625,482.1375,695.4625,717.025,767.3375,740.3125,736.2875,762.1625,777.6875,794.075,783.725,762.7375,794.3625,789.475,765.325,742.0375,738.3,769.0625,759.575,760.725,756.125,761.0125,736.8625
1/4/2022,699.775,694.3125,698.625,698.625,749.225,744.625,732.55,764.175,781.1375,813.625,841.8,809.025,795.225,794.9375,796.375,790.9125,755.55,717.8875,731.6875,749.5125,766.475,746.925,734.275,725.9375
1/5/2022,693.1625,688.5625,681.6625,675.05,718.175,749.225,725.3625,773.6625,751.8125,715.0125,742.9,748.3625,738.0125,731.975,733.7,748.3625,762.1625,782.575,740.025,715.875,797.8125,792.925,800.6875,760.4375
1/6/2022,770.7875,741.4625,746.6375,742.6125,784.3,791.2,775.9625,731.1125,715.875,791.775,786.8875,799.5375,795.8,803.5625,789.7625,797.2375,759.2875,756.4125,737.725,790.625,786.6,775.9625,783.15,759
1/7/2022,771.9375,770.7875,726.5125,732.2625,786.6,759.575,759.8625,776.5375,794.075,801.55,805.8625,809.025,796.375,799.5375,821.3875,778.2625,786.3125,779.4125,792.0625,801.2625,788.325,797.2375,791.2,791.775
1/8/2022,770.2125,756.4125,760.15,758.7125,769.35,790.625,773.95,763.8875,816.7875,826.5625,806.725,812.7625,794.3625,796.95,786.8875,770.7875,764.175,753.5375,754.1125,786.025,788.6125,781.7125,778.55,757.85
1/9/2022,747.2125,732.8375,732.55,738.0125,738.875,738.5875,765.325,762.7375,778.55,769.925,752.9625,777.1125,761.875,780.5625,762.1625,765.9,759.8625,743.1875,779.7,777.4,806.725,790.9125,796.0875,786.3125
1/10/2022,772.8,732.55,726.8,704.375,695.75,736,720.1875,706.3875,747.2125,789.7625,800.4,814.2,811.9,823.6875,770.2125,788.325,738.3,746.35,762.45,785.45,795.5125,787.175,784.5875,782.8625
1/11/2022,720.7625,700.35,705.525,708.4,730.5375,779.125,759,737.4375,717.8875,733.4125,759.2875,823.1125,800.6875,813.625,833.75,803.275,788.325,787.4625,801.2625,809.6,791.2,804.425,798.675,765.325
1/12/2022,738.875,714.4375,722.775,705.2375,724.7875,714.725,744.625,761.875,777.975,808.7375,779.9875,810.4625,798.1,783.15,779.9875,821.675,802.7,785.1625,787.175,782.2875,779.125,772.5125,785.7375,782.8625
1/13/2022,735.1375,722.775,712.1375,696.0375,720.475,761.875,726.8,740.8875,793.2125,840.65,819.95,841.8,814.775,821.9625,903.325,864.5125,802.4125,792.925,786.025,808.7375,809.6,791.2,787.4625,777.4
1/14/2022,762.1625,717.8875,687.125,682.525,703.5125,752.1,761.875,754.975,804.425,813.625,844.3875,849.85,836.625,850.425,840.3625,823.1125,793.7875,754.1125,780.85,771.075,747.2125,753.825,772.225,771.9375
1/15/2022,714.4375,717.6,718.4625,717.3125,748.3625,754.4,751.2375,761.0125,799.5375,772.8,759,763.8875,802.7,792.35,798.9625,804.1375,795.225,771.3625,772.8,788.6125,787.4625,795.5125,782.2875,777.4
1/16/2022,761.5875,721.9125,714.15,707.825,725.9375,772.225,711.275,696.9,748.9375,786.3125,794.3625,779.7,789.7625,802.125,806.15,779.125,773.0875,765.325,766.1875,789.7625,772.8,772.225,789.7625,764.75
1/17/2022,749.8,702.65,706.1,704.0875,705.525,752.1,691.4375,714.725,746.0625,746.6375,793.5,819.375,805.8625,802.125,814.4875,784.875,777.1125,768.775,772.225,786.025,771.075,757.5625,739.1625,725.075
1/18/2022,710.7,713,706.675,697.7625,703.225,750.0875,755.55,787.4625,768.775,760.15,759.2875,761.875,779.7,834.325,834.325,824.55,792.6375,768.4875,753.825,795.5125,848.4125,780.5625,752.1,751.2375
1/19/2022,736,713.8625,708.1125,707.25,715.0125,767.05,710.4125,737.15,793.7875,764.75,785.45,780.275,840.075,834.9,847.2625,851.2875,839.2125,819.0875,806.725,809.3125,783.15,763.8875,761.875,745.775
1/20/2022,743.475,728.2375,707.25,703.5125,723.0625,767.625,755.55,797.8125,826.275,807.5875,829.725,870.2625,863.65,861.35,851.2875,838.6375,819.0875,802.4125,803.85,811.6125,794.075,784.0125,763.6,765.9
1/21/2022,756.9875,754.4,706.675,688.275,696.0375,740.8875,731.6875,748.3625,794.075,826.5625,838.0625,838.0625,817.3625,856.75,857.9,832.3125,801.8375,777.4,777.975,772.8,769.35,754.975,757.275,752.675
1/22/2022,754.1125,699.4875,687.4125,686.8375,695.75,739.45,733.7,769.35,779.7,802.4125,778.55,786.025,794.075,805.8625,806.4375,796.95,790.3375,766.7625,779.4125,783.725,776.825,776.825,738.3,716.1625
1/23/2022,700.6375,694.3125,687.7,686.55,697.475,738.5875,720.7625,721.9125,753.25,738.5875,766.7625,777.1125,786.6,800.975,778.55,769.925,773.95,777.1125,774.2375,786.3125,767.9125,771.65,758.1375,774.2375
1/24/2022,727.95,702.9375,678.7875,676.775,733.4125,745.2,721.625,739.1625,748.3625,740.025,779.9875,801.55,793.2125,798.9625,779.4125,776.825,758.425,751.8125,779.9875,786.025,773.6625,773.6625,729.1,756.7
1/25/2022,729.3875,695.4625,688.85,687.125,720.1875,743.7625,752.675,777.6875,788.325,826.275,833.4625,820.525,831.1625,863.075,859.3375,845.825,805.8625,764.4625,772.225,785.45,771.9375,778.2625,763.3125,738.5875
1/26/2022,723.0625,673.325,677.35,678.5,736,750.6625,742.6125,779.125,735.425,780.5625,824.55,837.4875,832.025,844.3875,855.6,836.3375,799.825,771.075,772.5125,779.125,780.275,766.1875,774.8125,766.1875
1/27/2022,729.9625,688.5625,669.3,668.15,728.525,754.4,744.9125,788.6125,815.35,830.0125,812.7625,832.025,832.3125,838.0625,838.925,829.725,786.6,752.675,747.2125,747.5,738.5875,741.75,758.7125,763.025
1/28/2022,734.85,693.7375,681.375,660.3875,711.275,738.875,736.2875,771.65,794.075,791.4875,820.8125,835.7625,825.125,834.6125,841.5125,830.0125,805,775.3875,768.4875,754.975,756.9875,765.0375,714.725,698.3375
1/29/2022,713.8625,671.6,659.2375,656.3625,715.3,735.7125,731.975,747.2125,784.5875,799.25,799.5375,808.7375,774.525,816.2125,830.3,832.8875,808.1625,767.625,785.1625,770.5,764.75,751.2375,738.875,754.4
1/30/2022,742.6125,704.0875,700.35,693.45,731.6875,760.15,729.3875,719.325,757.85,790.05,808.45,791.4875,784.3,775.9625,779.9875,771.075,728.525,742.9,752.675,751.2375,754.1125,766.475,740.3125,731.6875
1/31/2022,712.1375,694.6,697.475,690,711.5625,727.0875,679.3625,710.9875,743.475,773.95,794.075,788.9,792.6375,779.7,797.8125,775.1,759.2875,759.8625,764.75,780.275,788.9,782.8625,782,764.75
2/1/2022,751.2375,713.2875,708.4,696.0375,712.1375,752.1,753.25,769.925,794.65,823.975,824.2625,839.7875,823.6875,819.375,830.875,808.7375,778.8375,746.6375,768.775,799.5375,746.925,771.65,757.275,774.2375
2/2/2022,738.3,711.5625,717.3125,702.075,725.3625,755.55,740.6,753.825,740.025,828,817.65,805.575,778.55,788.0375,809.6,808.7375,802.125,743.475,783.15,781.1375,787.4625,762.7375,774.2375,785.7375
2/3/2022,757.85,723.0625,706.1,705.525,675.3375,742.6125,709.2625,761.3,801.2625,839.2125,825.7,788.6125,750.375,771.65,823.6875,794.3625,836.3375,798.3875,825.125,803.85,830.875,809.8875,775.1,785.45
2/4/2022,776.825,763.6,731.6875,764.4625,737.15,743.475,740.8875,754.6875,757.5625,768.4875,671.3125,688.5625,662.975,707.5375,746.925,755.8375,721.625,775.1,786.025,781.1375,741.175,735.7125,771.9375,749.5125
2/5/2022,763.3125,743.7625,750.375,746.35,733.9875,743.7625,755.2625,780.275,784.3,815.0625,868.5375,848.9875,801.2625,824.8375,821.675,781.1375,779.125,795.225,773.0875,784.875,793.2125,792.0625,792.925,752.9625
2/6/2022,729.9625,743.7625,759.2875,759.8625,742.325,737.4375,743.7625,742.6125,746.35,758.1375,764.75,790.625,792.35,788.6125,756.9875,786.3125,728.525,760.725,760.4375,766.475,786.025,800.975,808.7375,797.2375
2/7/2022,790.05,779.4125,718.4625,685.975,733.9875,762.1625,743.1875,759.2875,780.85,798.9625,805.575,829.15,809.6,790.3375,773.375,798.3875,772.225,777.6875,790.9125,803.5625,779.125,788.6125,797.525,787.75
2/8/2022,760.4375,704.6625,660.675,649.4625,648.8875,712.425,691.15,707.825,751.8125,822.5375,805,770.2125,814.2,759,786.025,798.3875,786.8875,778.2625,811.0375,803.275,805.2875,792.0625,756.7,741.4625
2/9/2022,727.375,727.0875,724.7875,717.3125,713,748.9375,755.8375,806.4375,823.975,809.8875,885.7875,861.925,800.975,867.9625,876.0125,781.7125,847.8375,798.9625,824.8375,825.125,800.975,803.85,818.225,786.6
2/10/2022,785.7375,768.2,730.825,732.2625,777.1125,769.6375,786.025,798.9625,754.1125,707.25,738.875,782.575,820.525,797.2375,766.1875,797.525,815.0625,778.55,792.0625,808.1625,796.6625,793.2125,787.75,771.3625
2/11/2022,745.4875,698.05,688.5625,681.375,693.1625,740.8875,727.375,716.7375,792.0625,841.5125,788.6125,798.1,794.9375,828.8625,856.175,878.025,857.9,816.7875,817.3625,800.1125,799.25,803.5625,752.3875,718.75
2/12/2022,696.6125,687.4125,682.2375,681.0875,693.1625,771.65,764.75,769.6375,804.1375,818.225,824.8375,817.9375,795.8,787.75,822.25,807.875,811.325,782.8625,784.0125,801.55,798.675,799.825,782,791.2
2/13/2022,809.3125,755.8375,725.9375,728.8125,754.1125,769.6375,738.0125,736.2875,779.125,777.1125,789.475,770.2125,774.2375,803.5625,793.2125,787.75,775.3875,750.6625,729.9625,752.9625,736.2875,719.325,705.525,716.1625
2/14/2022,673.325,664.9875,661.25,664.7,754.1125,778.8375,714.4375,834.325,797.2375,819.95,834.6125,811.0375,794.65,783.15,787.4625,779.9875,769.0625,757.5625,754.1125,755.2625,754.975,744.05,727.0875,687.125
2/15/2022,664.9875,667,252.1375,471.2125,731.975,766.7625,761.5875,750.6625,784.0125,769.35,766.7625,722.4875,738.0125,763.6,828.8625,833.175,803.5625,774.8125,770.7875,780.85,764.4625,746.0625,736.575,722.2
2/16/2022,693.7375,690.8625,665.275,663.55,715.0125,716.45,700.0625,726.5125,757.85,748.075,749.225,745.4875,782.575,792.0625,802.4125,826.85,793.5,707.5375,683.3875,741.4625,730.25,748.65,753.825,748.3625
2/17/2022,707.25,672.4625,669.875,678.5,703.8,703.225,707.25,704.95,605.475,679.65,690.8625,679.3625,681.95,741.4625,725.075,764.75,772.8,781.1375,790.05,788.6125,761.875,764.75,755.2625,749.8
2/18/2022,708.6875,684.5375,675.3375,670.7375,721.9125,732.2625,737.725,750.375,803.275,806.725,821.9625,805.2875,773.0875,771.65,792.35,784.875,759.575,709.55,702.65,730.25,756.9875,755.2625,765.9,728.8125
2/19/2022,715.0125,708.6875,709.55,745.775,756.7,748.075,720.1875,743.7625,759,780.85,794.3625,815.0625,807.5875,806.725,812.1875,789.1875,800.4,793.5,778.55,790.05,775.675,790.3375,772.225,766.7625
2/20/2022,723.35,699.775,700.0625,692.875,739.45,749.225,737.725,686.8375,714.15,776.825,813.625,826.85,855.6,844.3875,838.6375,821.9625,798.1,800.975,811.9,817.3625,787.4625,768.4875,773.6625,716.1625
2/21/2022,733.7,723.35,747.2125,744.05,738.0125,745.775,729.675,774.8125,781.1375,785.45,796.6625,805.8625,812.475,725.9375,771.9375,744.625,756.7,763.8875,768.775,785.45,767.9125,752.9625,769.35,742.9
2/22/2022,710.7,736.8625,689.7125,649.175,683.3875,730.825,710.7,731.4,769.0625,794.9375,803.275,796.375,778.2625,779.125,796.6625,894.125,819.375,793.7875,801.55,828.2875,819.95,796.375,754.1125,744.05
2/23/2022,721.3375,694.6,695.175,694.6,733.125,720.1875,791.4875,822.825,842.0875,832.6,835.475,851,839.7875,849.85,849.5625,831.7375,789.475,774.2375,764.175,785.7375,768.2,778.8375,760.725,724.2125
2/24/2022,756.4125,725.65,686.55,682.8125,736.575,750.0875,749.5125,754.6875,790.05,858.1875,848.7,851,821.9625,801.2625,807.0125,855.025,832.8875,775.3875,761.0125,826.275,789.7625,790.3375,759.2875,729.1
2/25/2022,705.525,697.475,654.6375,637.9625,728.2375,730.25,797.8125,840.075,895.275,888.0875,808.7375,835.7625,829.4375,819.375,825.125,845.25,830.0125,781.425,795.225,794.65,783.725,777.6875,753.5375,760.15
2/26/2022,726.8,710.125,720.1875,684.5375,712.425,732.8375,767.3375,784.3,800.4,809.025,936.3875,897.8625,895.85,909.65,862.7875,870.2625,817.9375,754.4,771.3625,778.55,761.5875,717.025,711.85,687.9875
2/27/2022,696.6125,640.55,645.4375,647.7375,714.4375,724.5,697.475,694.3125,722.4875,741.75,722.775,724.5,772.8,784.875,793.2125,734.275,741.4625,730.825,709.55,728.2375,766.1875,750.0875,733.7,733.7
2/28/2022,732.8375,722.775,698.05,681.375,690.8625,742.6125,708.975,729.3875,778.2625,775.675,805,796.95,792.6375,780.85,834.9,301.0125,123.05,671.8875,763.3125,777.6875,759.2875,798.675,747.5,742.325
3/1/2022,773.6625,763.8875,755.2625,756.4125,765.9,764.4625,732.2625,731.4,730.825,781.7125,772.225,752.1,503.4125,100.625,104.9375,170.4875,695.75,642.275,644.575,679.9375,733.7,758.425,793.7875,855.6
3/2/2022,891.5375,883.775,835.7625,801.2625,288.075,84.2375,411.125,722.775,821.9625,784.3,813.9125,813.625,769.0625,835.475,777.975,398.475,108.675,33.0625,236.6125,727.6625,739.45,707.825,751.8125,702.9375
3/3/2022,659.525,678.5,679.075,670.1625,683.675,701.5,693.7375,696.9,736.575,718.175,754.1125,775.675,742.325,750.6625,734.5625,752.1,784.0125,780.85,800.1125,319.7,165.025,147.4875,747.7875,804.7125
3/4/2022,813.625,714.4375,137.7125,131.9625,408.825,787.175,771.65,806.15,791.775,905.9125,934.95,861.35,779.125,783.725,852.725,836.625,795.5125,783.15,776.825,802.4125,792.0625,798.3875,786.3125,771.65
3/5/2022,769.6375,769.6375,771.075,760.15,745.775,758.425,748.3625,761.0125,679.3625,694.025,744.625,810.175,755.55,772.8,840.65,813.05,767.3375,454.825,548.2625,745.775,738.0125,792.6375,788.0375,771.075
3/6/2022,770.7875,730.25,727.375,717.3125,738.875,743.1875,715.875,517.5,100.3375,84.8125,758.425,838.6375,870.2625,886.65,843.2375,810.4625,802.125,792.35,798.675,806.15,796.95,809.6,786.6,770.7875
3/7/2022,755.8375,776.825,702.075,701.5,710.4125,750.95,741.75,771.3625,712.1375,704.6625,743.475,224.25,173.65,233.45,796.0875,777.975,768.2,748.9375,768.2,717.025,759.575,743.1875,725.3625,720.1875
3/8/2022,698.9125,690.575,645.4375,625.6,629.625,690,705.2375,691.15,650.6125,703.225,739.45,725.3625,720.475,724.7875,722.4875,721.625,710.4125,690.2875,709.55,733.7,715.0125,718.175,753.25,756.4125
3/9/2022,696.9,711.85,760.15,628.1875,655.7875,721.3375,653.775,664.9875,715.5875,698.05,747.2125,768.775,749.5125,760.4375,669.0125,141.45,118.1625,93.725,506.575,724.5,725.9375,736.2875,728.8125,702.3625
3/10/2022,697.1875,648.8875,647.1625,650.0375,679.075,695.75,686.2625,687.125,669.3,681.6625,682.8125,667.575,654.6375,650.9,649.175,689.7125,678.5,687.7,575.8625,65.55,63.5375,503.9875,687.125,690
3/11/2022,673.6125,691.4375,658.95,652.9125,698.05,303.025,60.6625,85.1,568.9625,699.775,719.9,720.1875,686.2625,713.2875,733.125,625.025,19.55,206.425,583.9125,597.425,638.25,644.2875,642.5625,676.4875
3/12/2022,691.15,687.9875,652.625,616.4,661.25,674.7625,658.95,680.8,685.975,625.6,558.325,580.75,597.7125,601.45,617.8375,641.7,751.8125,720.475,724.7875,726.8,731.4,711.85,673.6125,693.1625
3/13/2022,643.7125,636.8125,641.4125,642.5625,675.9125,716.7375,679.075,659.8125,704.95,697.7625,697.7625,690.2875,687.4125,677.35,706.9625,669.0125,663.55,693.7375,693.1625,696.9,666.7125,704.6625,699.775,692.875
3/14/2022,651.1875,651.1875,646.5875,640.55,727.6625,659.525,649.75,658.375,672.175,706.675,699.2,707.825,706.675,723.6375,746.35,722.2,710.9875,711.5625,717.8875,714.4375,721.625,730.825,718.4625,669.5875
3/15/2022,651.7625,646.0125,650.6125,649.75,689.7125,666.425,654.6375,708.1125,676.775,558.6125,671.8875,656.65,711.85,714.725,767.9125,758.1375,727.0875,710.125,693.45,721.05,725.9375,720.7625,712.425,710.7
3/16/2022,690.8625,668.15,656.9375,661.825,706.1,696.325,674.1875,719.325,684.825,717.8875,702.65,700.35,714.4375,748.9375,760.725,701.7875,284.05,698.625,708.975,719.6125,722.2,716.1625,705.2375,683.9625
3/17/2022,692.5875,684.25,660.1,677.6375,675.3375,681.375,701.5,682.525,710.4125,744.625,742.325,749.225,710.4125,762.1625,816.7875,817.65,776.5375,772.5125,743.7625,702.075,662.975,653.2,635.0875,619.85
3/18/2022,604.0375,609.5,610.075,605.7625,631.35,652.9125,594.8375,619.85,632.2125,616.1125,702.65,712.425,710.4125,707.25,737.4375,694.8875,730.825,745.4875,735.425,733.4125,737.4375,753.825,732.2625,729.9625
3/19/2022,727.95,722.4875,715.0125,697.1875,714.725,721.05,683.9625,698.625,705.525,728.8125,729.9625,797.8125,799.25,781.7125,237.7625,2.5875,0,17.825,587.9375,613.2375,666.425,677.0625,664.4125,672.75
3/20/2022,649.175,639.6875,648.3125,654.925,644.8625,647.7375,615.825,614.3875,640.8375,696.6125,701.5,709.2625,656.65,671.8875,796.95,675.625,687.9875,679.3625,688.85,681.6625,667.8625,663.2625,648.3125,633.65
3/21/2022,630.2,606.9125,616.4,623.0125,643.1375,700.0625,644.575,664.7,663.8375,706.1,707.825,701.5,710.9875,694.025,699.4875,690.8625,683.675,692.3,703.8,709.2625,694.025,687.9875,651.1875,573.275
3/22/2022,562.6375,575.575,555.7375,560.9125,547.4,594.2625,486.7375,471.7875,402.5,505.1375,529,544.525,514.3375,533.3125,549.125,594.8375,587.3625,566.375,575,581.9,578.1625,558.6125,592.825,572.4125
3/23/2022,570.4,567.8125,555.1625,549.7,576.4375,611.8,588.8,560.3375,546.5375,584.4875,577.875,637.675,691.4375,645.15,593.4,665.85,615.825,595.125,633.3625,624.45,625.8875,264.5,0.575,370.875
3/24/2022,539.6375,538.2,535.9,537.625,532.1625,397.325,0,1.4375,16.1,594.55,612.6625,613.525,624.45,598.575,581.325,577.0125,487.6,619.5625,636.8125,631.6375,623.0125,620.425,612.6625,580.4625
3/25/2022,560.625,560.625,554.875,556.8875,573.5625,601.45,580.4625,612.6625,580.175,619.5625,666.1375,650.0375,622.725,664.7,671.025,662.975,628.475,592.25,618.9875,627.6125,629.05,614.675,598.575,562.6375
3/26/2022,520.6625,534.4625,528.1375,525.2625,559.1875,557.175,552.8625,560.625,586.2125,661.25,694.3125,648.025,105.8,511.4625,676.775,706.675,685.975,681.0875,687.4125,687.125,651.475,656.9375,664.4125,638.25
3/27/2022,595.9875,597.1375,605.7625,572.9875,0,8.05,172.2125,627.0375,652.05,676.2,685.975,693.1625,692.875,683.1,676.2,670.45,650.325,650.0375,657.225,700.35,702.65,689.425,673.6125,683.9625
3/28/2022,660.1,655.7875,666.1375,662.975,653.2,636.8125,642.85,654.35,639.975,621.575,667.8625,701.7875,707.25,685.4,663.2625,675.9125,666.7125,650.325,660.9625,697.7625,684.5375,666.1375,642.275,607.4875
3/29/2022,595.9875,564.9375,570.6875,568.3875,619.275,658.95,685.4,674.475,683.9625,797.8125,785.45,792.925,773.375,779.9875,771.9375,775.3875,749.8,724.5,707.825,710.4125,704.95,684.25,681.0875,652.625
3/30/2022,659.8125,627.6125,628.1875,628.7625,684.825,665.5625,671.6,683.1,683.675,726.8,781.425,780.5625,788.0375,796.6625,793.2125,766.475,784.0125,770.5,734.275,738.3,725.075,743.7625,726.8,724.5
3/31/2022,715.5875,707.25,718.75,718.4625,757.85,774.8125,755.55,729.1,725.9375,695.75,671.6,668.15,685.975,682.2375,681.6625,686.8375,682.8125,662.975,664.9875,704.375,704.95,678.5,691.15,682.2375
4/1/2022,666.425,660.9625,666.1375,666.1375,669.875,700.6375,685.1125,671.8875,721.9125,746.6375,754.4,698.625,702.9375,709.2625,706.3875,716.7375,714.4375,711.275,710.125,727.0875,720.1875,713,703.225,695.4625
4/2/2022,702.9375,648.8875,624.45,622.15,667.8625,709.55,669.3,680.225,720.7625,790.05,799.5375,835.7625,614.675,550.85,792.925,760.725,373.175,128.225,347.0125,765.9,786.8875,788.9,780.5625,776.825
4/3/2022,756.125,735.1375,734.85,734.85,579.025,91.425,60.375,56.925,116.725,156.975,209.0125,905.3375,882.05,361.9625,687.125,759.2875,759.2875,767.05,426.65,130.525,532.1625,769.925,778.8375,785.1625
4/4/2022,803.5625,781.425,761.3,796.0875,888.0875,793.5,613.8125,587.075,599.15,565.5125,549.125,665.5625,722.775,782.8625,779.4125,282.9,104.9375,322.575,731.6875,737.15,743.475,752.675,733.125,737.725
4/5/2022,709.55,731.1125,714.725,707.25,711.85,750.6625,756.7,752.9625,748.9375,782,746.925,329.7625,433.55,794.9375,806.4375,764.175,754.975,732.55,757.5625,759.8625,752.9625,748.075,706.9625,681.375
4/6/2022,698.3375,720.1875,744.625,674.1875,679.9375,729.1,730.825,718.75,751.2375,772.225,753.25,776.825,738.5875,799.825,818.225,828.8625,795.5125,753.5375,774.8125,798.3875,775.9625,761.3,791.775,751.525
4/7/2022,730.25,724.5,687.125,668.725,681.375,750.95,729.675,746.6375,737.725,732.2625,711.5625,720.475,708.975,698.05,683.9625,681.6625,575.2875,553.4375,570.6875,567.525,552.2875,628.1875,708.975,700.6375
4/8/2022,674.475,671.3125,656.075,643.1375,648.8875,686.2625,694.6,741.175,726.5125,739.1625,792.0625,767.9125,785.45,805.2875,777.1125,760.725,735.1375,672.4625,704.375,708.6875,709.2625,755.55,741.75,694.025
4/9/2022,673.0375,659.525,662.4,625.3125,641.125,722.775,713.575,758.1375,738.3,744.625,725.3625,742.325,756.7,764.175,727.0875,118.7375,55.775,7.1875,207,682.525,669.875,704.375,713,713.8625
4/10/2022,738.0125,719.6125,690,715.5875,696.9,702.65,697.1875,727.6625,608.0625,62.1,125.0625,141.45,137.7125,629.625,740.6,738.875,559.1875,91.7125,85.9625,85.1,117.875,709.2625,701.5,698.3375
4/11/2022,717.6,700.35,686.8375,645.725,662.1125,680.225,654.925,650.0375,710.7,645.4375,429.525,702.3625,773.0875,760.15,723.6375,693.7375,685.1125,692.5875,717.3125,743.1875,711.275,674.7625,671.8875,689.425
4/12/2022,676.2,691.4375,677.925,677.925,685.6875,671.6,674.475,691.725,711.275,696.9,736.575,771.075,754.975,752.675,750.375,766.7625,753.825,694.6,694.3125,681.375,706.9625,698.9125,701.5,698.9125
4/13/2022,682.2375,690,683.675,688.85,662.6875,669.875,681.95,660.675,775.3875,814.775,836.9125,826.5625,804.425,812.7625,798.3875,785.45,767.3375,736.8625,766.7625,375.1875,635.95,768.775,363.4,410.55
4/14/2022,754.4,736.2875,752.675,735.425,721.05,744.05,738.875,747.7875,159.275,164.45,136.85,149.2125,138,134.55,128.5125,142.3125,165.025,408.5375,753.25,742.0375,755.2625,752.3875,754.6875,759.575
4/15/2022,754.4,755.8375,734.85,746.925,754.975,754.1125,774.8125,259.0375,113.85,240.6375,203.55,210.7375,198.95,422.3375,796.95,581.0375,147.4875,128.225,315.9625,776.25,770.5,756.125,752.9625,466.0375
4/16/2022,91.425,94.875,64.4,78.775,74.75,121.325,35.3625,62.9625,121.0375,141.45,125.925,155.25,152.95,122.475,128.5125,120.175,104.9375,107.2375,129.0875,169.9125,177.1,143.75,124.775,126.7875
4/17/2022,135.9875,102.925,445.3375,717.8875,709.2625,750.6625,724.5,728.8125,790.3375,828.2875,196.075,199.525,193.775,203.8375,95.1625,37.6625,488.175,158.7,130.525,139.15,79.925,69.575,61.8125,28.4625
4/18/2022,30.475,17.825,20.9875,5.175,11.7875,15.2375,20.7,14.0875,67.5625,142.025,147.2,146.625,179.975,199.525,168.475,214.475,63.25,103.7875,110.975,117.5875,139.725,127.65,142.8875,114.7125
4/19/2022,101.775,56.35,37.95,33.35,78.775,87.975,122.7625,695.175,832.025,858.475,823.4,819.6625,818.5125,813.625,813.625,825.7,138.575,124.2,124.2,142.025,143.4625,130.525,129.375,96.3125
4/20/2022,69,80.5,81.9375,49.1625,53.1875,58.9375,73.6,78.2,112.125,227.4125,693.1625,852.725,249.2625,190.6125,148.0625,178.25,152.0875,403.9375,742.325,770.7875,759.575,737.15,726.225,746.925
4/21/2022,179.6875,110.975,116.4375,78.4875,69.8625,63.5375,76.475,391.8625,762.1625,519.8,161,192.9125,164.7375,167.0375,164.1625,146.3375,156.975,138,156.975,160.1375,125.6375,119.3125,102.925,233.1625
4/22/2022,688.5625,654.0625,678.2125,677.35,721.05,649.75,113.5625,176.8125,771.65,835.1875,844.9625,888.95,275.1375,215.625,211.025,194.35,232.3,676.4875,809.6,818.225,804.7125,780.5625,728.525,707.825
4/23/2022,740.025,383.525,26.45,37.6625,112.7,130.8125,143.75,181.4125,220.225,238.3375,151.8,143.175,166.175,212.4625,197.8,193.775,175.95,158.125,163.3,150.3625,138.8625,111.2625,130.525,121.0375
4/24/2022,116.725,106.95,115.2875,115.8625,105.5125,102.6375,67.275,134.8375,160.7125,212.4625,228.5625,202.975,172.7875,181.7,171.925,128.8,116.725,119.025,142.6,474.95,803.5625,822.825,530.725,175.95
4/25/2022,268.8125,799.25,794.075,760.15,760.725,755.55,731.1125,740.8875,768.4875,825.125,828.575,860.2,820.2375,798.9625,794.9375,761.5875,763.6,738.0125,794.075,797.2375,800.1125,797.8125,772.5125,745.4875
4/26/2022,781.1375,774.8125,771.65,769.35,802.7,877.1625,839.7875,777.6875,832.8875,867.1,824.8375,849.5625,843.525,848.4125,839.5,653.4875,302.7375,118.1625,449.3625,729.3875,720.1875,762.45,714.4375,712.425
4/27/2022,705.2375,700.0625,742.0375,757.5625,772.5125,800.975,793.2125,835.475,765.6125,817.3625,815.35,819.6625,814.4875,829.725,0,45.7125,593.1125,792.925,802.7,780.85,743.7625,723.6375,754.975,772.225
4/28/2022,767.3375,750.0875,752.9625,759.8625,770.2125,751.2375,747.2125,760.4375,782.8625,808.45,795.225,801.2625,752.9625,717.8875,738.5875,740.3125,766.7625,755.8375,786.6,780.5625,793.2125,784.5875,727.375,733.125
4/29/2022,689.7125,679.9375,669.875,658.375,668.4375,728.2375,723.6375,765.0375,785.1625,794.075,790.05,785.1625,776.825,779.125,721.3375,474.95,751.8125,746.925,775.3875,759.2875,698.9125,705.8125,706.1,722.775
4/30/2022,779.9875,764.175,754.6875,758.1375,767.05,818.225,750.0875,750.6625,733.7,751.525,733.125,733.125,753.825,776.825,722.2,707.5375,697.1875,723.925,738.3,720.475,723.0625,714.725,728.2375,728.8125
5/1/2022,712.7125,717.8875,723.35,723.0625,724.2125,717.025,727.95,763.3125,478.4,724.5,711.85,756.9875,749.225,749.5125,742.325,740.8875,712.1375,735.425,705.2375,705.2375,712.1375,707.5375,706.1,713.575
5/2/2022,706.3875,699.2,676.4875,670.7375,712.7125,674.475,661.25,704.6625,743.7625,740.8875,686.55,756.125,746.0625,737.4375,741.4625,732.8375,738.3,738.875,767.9125,752.1,752.3875,765.6125,772.8,790.05
5/3/2022,718.75,723.925,732.2625,731.975,777.6875,756.125,774.2375,899.5875,878.3125,845.5375,834.0375,808.1625,893.8375,790.625,835.7625,849.275,826.275,824.2625,813.05,826.5625,817.65,833.75,834.6125,796.6625
5/4/2022,756.9875,768.2,740.3125,756.9875,781.1375,773.0875,753.25,732.55,729.9625,705.8125,656.075,511.175,64.975,59.225,636.525,655.2125,667.8625,675.05,671.6,681.375,729.1,694.8875,720.1875,683.3875
5/5/2022,675.3375,679.3625,597.7125,18.1125,23,431.5375,621.2875,621.2875,661.25,651.475,653.775,617.2625,694.3125,651.7625,393.875,55.2,73.025,319.9875,638.5375,679.9375,683.1,663.55,666.1375,682.525
5/6/2022,682.2375,690.2875,690.8625,688.85,679.3625,681.6625,654.925,671.025,661.5375,702.9375,731.975,692.3,657.8,655.5,726.5125,726.225,703.8,652.625,672.175,683.3875,687.125,649.175,665.275,650.9
5/7/2022,616.6875,585.35,585.35,581.325,594.55,633.9375,658.6625,671.6,736,410.8375,113.85,87.6875,129.0875,106.0875,131.9625,125.35,715.875,696.0375,739.1625,729.3875,755.8375,705.8125,707.25,691.15
5/8/2022,636.525,648.8875,626.4625,633.3625,689.1375,643.1375,596.5625,627.0375,620.1375,692.0125,719.6125,659.525,683.9625,40.825,25.875,43.9875,662.4,668.4375,689.1375,782.575,757.85,130.525,150.3625,140.3
5/9/2022,648.025,679.65,674.475,392.4375,16.675,12.65,0,10.0625,21.5625,52.9,373.75,683.9625,75.325,102.925,65.8375,80.5,77.9125,66.125,38.2375,641.4125,689.1375,712.7125,709.2625,692.5875
5/10/2022,712.425,652.05,598,608.925,275.1375,5.175,4.6,36.225,69.2875,179.6875,162.15,152.0875,121.6125,177.3875,744.3375,724.2125,716.7375,720.7625,731.975,730.825,705.2375,276.575,71.5875,639.4
5/11/2022,675.3375,674.1875,664.9875,629.9125,637.3875,686.8375,728.525,727.6625,738.3,617.55,182.85,163.3,604.9,813.9125,800.975,784.3,817.075,820.2375,807.5875,775.1,743.1875,738.875,724.7875,627.325
5/12/2022,589.375,594.2625,614.1,610.075,620.7125,592.25,690.8625,751.8125,768.775,824.2625,797.2375,756.9875,774.2375,755.55,748.65,756.9875,750.6625,750.6625,752.675,793.5,803.85,784.3,764.4625,767.9125
5/13/2022,731.1125,699.775,692.0125,694.6,708.6875,710.125,779.4125,790.625,799.825,759,813.3375,793.7875,791.2,780.5625,773.375,788.6125,430.1,121.6125,135.7,133.1125,121.9,131.3875,739.7375,764.75
5/14/2022,754.975,711.85,690.575,682.2375,725.9375,789.475,761.5875,791.4875,778.55,454.25,135.4125,169.625,150.3625,146.05,106.0875,129.95,150.3625,134.55,135.9875,130.2375,632.2125,729.9625,744.625,717.6
5/15/2022,744.625,723.063,680.225,462.013,28.175,57.5,92,129.663,161.575,223.675,210.738,240.925,202.975,240.063,179.688,514.05,803.563,816.788,818.513,789.188,789.763,777.975,781.425,552
5/16/2022,79.063,78.2,71.588,63.825,95.163,94.013,32.2,654.925,726.513,767.05,800.113,413.713,103.788,96.313,118.163,150.65,143.75,131.675,138.575,102.063,107.525,173.075,158.125,422.625
5/17/2022,734.275,690.575,703.513,704.663,735.713,692.3,80.5,82.513,122.763,164.738,124.488,70.438,113.85,749.8,769.063,750.088,746.638,747.5,776.25,801.838,773.95,760.725,404.513,134.55
5/18/2022,748.075,705.525,696.613,686.55,736.288,746.638,774.813,799.538,785.163,643.713,103.213,137.137,133.4,118.738,782.288,741.463,715.013,724.788,725.65,757.85,725.075,743.475,567.525,98.038
5/19/2022,106.95,48.3,39.388,626.175,681.95,748.075,734.85,346.725,153.813,149.5,214.188,227.413,229.425,203.838,232.588,370.3,834.613,812.763,811.9,830.588,800.113,801.838,789.763,336.663
5/20/2022,131.963,372.6,767.05,766.188,753.538,755.838,749.225,751.238,793.5,843.525,869.113,196.65,159.275,168.763,166.75,147.488,138.288,723.063,754.975,802.988,818.513,788.9,782.863,782.575
5/21/2022,227.7,118.163,129.375,391.863,714.438,725.65,693.45,708.113,812.188,826.275,828.863,454.25,158.413,156.113,200.963,187.738,778.55,732.838,803.563,802.7,801.263,838.638,811.9,790.625
5/22/2022,748.363,725.075,733.413,723.063,746.35,736,752.388,620.138,150.363,174.513,181.125,178.825,151.513,130.238,750.375,759.863,745.775,736.863,745.775,766.763,776.25,198.088,98.9,75.613
5/23/2022,692.3,718.75,676.775,661.825,708.4,692.3,702.65,762.45,790.05,382.663,230.575,243.8,244.375,250.125,229.713,210.45,717.025,820.238,816.213,759,754.688,791.488,475.238,94.588
5/24/2022,83.95,77.913,556.313,706.388,755.263,260.188,69,113.563,172.788,324.013,836.913,802.7,820.525,810.175,832.025,290.95,152.663,562.063,794.938,806.438,852.15,829.15,776.825,743.475
5/25/2022,700.925,699.775,702.938,460,65.55,98.038,75.038,116.725,179.975,163.875,187.45,192.338,169.625,167.038,775.1,765.9,707.25,708.688,731.688,776.538,851.863,805,135.125,106.95
5/26/2022,57.5,52.038,525.838,731.4,723.063,95.163,87.975,163.875,257.888,307.05,296.413,206.713,230.575,224.25,423.2,829.15,792.925,792.638,779.125,803.85,810.75,809.6,803.563,747.788
5/27/2022,752.963,734.85,721.338,778.263,744.625,731.688,734.563,744.625,812.763,811.038,846.688,850.713,769.063,780.85,794.363,764.463,788.9,769.925,782.863,792.638,756.125,834.9,784.875,709.838
5/28/2022,685.975,683.675,692.3,680.8,741.463,735.425,714.725,776.825,780.85,793.213,778.55,785.45,765.325,769.638,784.588,751.525,744.625,760.438,770.213,756.7,729.388,703.8,705.238,727.95
5/29/2022,683.1,673.038,673.038,669.588,707.825,712.138,675.625,745.488,710.125,750.375,717.025,749.225,751.238,743.763,747.788,748.075,723.35,759.863,799.25,799.825,785.163,764.463,741.463,794.363
5/30/2022,748.65,707.25,700.925,707.25,711.563,780.275,748.65,764.75,794.65,813.913,844.963,813.05,745.2,869.975,805.575,784.3,492.2,136.85,752.963,804.425,703.513,78.775,673.038,677.638
5/31/2022,642.563,638.825,649.75,656.65,687.125,707.25,740.313,761.588,797.813,886.938,915.113,287.788,245.238,251.563,231.15,269.962,894.7,901.6,918.275,890.675,781.425,784.588,783.438,738.3
6/1/2022,727.95,726.8,731.975,756.7,156.113,121.038,86.825,118.163,165.888,105.513,199.525,158.413,119.888,134.838,148.638,131.1,690,741.463,723.925,733.7,733.988,723.638,704.375,717.6
6/2/2022,690.575,716.45,257.313,40.538,94.3,92.288,719.9,786.313,840.363,868.25,710.125,273.413,219.075,238.05,188.313,441.313,839.788,794.65,762.163,774.238,769.35,766.763,757.275,741.175
6/3/2022,700.925,677.925,666.713,665.563,666.425,631.063,106.663,141.738,150.65,181.7,196.938,212.175,182.275,208.15,204.125,159.85,770.213,761.875,798.963,830.3,804.425,790.913,787.75,817.65
6/4/2022,742.9,708.975,701.213,718.463,266.513,105.513,111.55,85.963,138.288,224.825,218.788,226.838,819.375,821.963,823.113,835.188,434.413,105.513,107.525,98.9,74.175,295.263,695.75,673.038
6/5/2022,666.425,664.413,661.825,663.838,706.963,618.7,78.488,90.563,146.625,146.05,125.925,146.913,140.012,723.925,769.063,773.95,770.213,755.263,784.588,781.713,781.425,742.325,747.213,750.088
6/6/2022,747.5,729.388,291.525,39.675,79.638,92,58.938,54.913,138.575,159.275,189.75,445.338,815.925,815.638,827.713,836.913,805.288,833.463,855.888,812.763,780.563,754.4,750.375,769.063
6/7/2022,704.088,688.563,710.7,705.238,701.788,788.613,761.013,782.575,801.263,828,762.45,780.563,783.438,786.888,777.113,771.65,763.888,776.538,779.413,821.1,850.138,833.175,812.763,803.275
6/8/2022,763.313,732.838,733.413,730.538,770.788,776.25,764.463,788.9,836.625,835.188,819.95,804.713,811.325,810.175,786.025,770.5,766.188,765.613,784.588,773.375,780.85,773.375,759.288,719.613
6/9/2022,688.85,666.425,666.138,667.288,722.775,720.475,715.013,757.85,769.063,823.4,830.3,814.775,630.775,196.363,177.675,156.975,752.675,727.088,738.588,740.025,756.7,752.963,750.663,741.175
6/10/2022,763.313,272.55,94.3,85.1,117.588,107.238,111.55,501.975,786.888,885.213,860.488,851.575,248.4,204.125,670.163,860.775,847.263,811.613,799.538,765.613,785.45,776.25,763.888,744.05
6/11/2022,725.65,715.3,745.2,737.725,730.825,741.75,763.313,776.825,796.95,510.888,165.888,161.288,144.325,146.913,157.55,770.213,811.325,780.85,787.463,784.875,777.113,721.338,713.863,712.425
6/12/2022,712.138,700.35,698.913,699.2,765.9,320.275,98.9,122.188,148.063,154.963,166.463,184.575,459.713,743.188,751.238,771.65,761.3,727.375,776.538,772.8,759.575,762.45,472.938,340.113
6/13/2022,115,61.813,44.85,54.625,112.125,113.275,697.475,735.713,783.15,795.8,727.95,749.225,771.938,771.65,775.675,596.563,110.688,105.8,131.675,138.575,142.313,123.338,106.088,552
6/14/2022,677.35,681.95,479.263,32.488,64.688,67.85,74.75,100.625,684.25,781.138,782.288,852.438,260.475,206.713,218.788,127.075,167.325,756.988,765.325,837.488,829.15,795.225,802.988,805
6/15/2022,762.738,716.738,704.375,60.088,69,121.038,94.013,136.85,148.638,221.95,178.538,148.063,159.563,177.1,174.225,148.925,127.65,702.65,734.85,785.163,900.45,811.9,808.163,776.25
6/16/2022,712.425,727.088,712.713,381.513,102.925,142.313,130.525,182.85,811.038,819.663,698.625,618.125,718.75,706.388,694.6,701.5,745.2,286.638,122.188,119.025,705.238,708.113,702.65,664.413
6/17/2022,654.063,653.775,646.3,649.463,692.013,692.875,766.475,760.15,656.075,499.963,88.263,258.462,148.35,131.675,116.725,456.263,732.263,672.463,758.138,750.663,764.463,738.588,736,716.738
6/18/2022,681.088,687.413,711.85,173.363,103.213,112.413,125.063,657.513,791.775,783.725,787.463,866.813,559.475,214.475,247.825,236.613,411.413,797.525,814.775,779.413,776.538,785.45,745.775,721.05
6/19/2022,701.5,168.763,34.5,19.263,41.688,99.475,103.5,468.625,640.838,716.738,741.175,569.25,135.413,129.95,113.563,109.538,56.063,329.188,673.325,750.088,744.338,755.55,755.55,748.938
6/20/2022,706.1,683.963,673.325,660.388,693.163,723.35,669.3,661.825,691.725,704.95,56.925,96.313,91.713,143.175,132.25,86.25,612.375,714.15,736.575,725.938,706.1,704.663,693.163,691.438
6/21/2022,671.888,671.025,679.363,677.925,422.338,99.188,99.763,138,177.388,204.413,266.8,203.838,172.788,185.15,133.688,669.013,764.463,762.45,738.588,761.3,777.975,777.113,774.238,741.75
6/22/2022,732.263,721.913,706.963,288.075,58.075,85.675,100.913,123.625,145.475,216.2,157.55,174.513,200.1,43.7,351.325,852.438,809.025,816.213,774.238,754.975,760.15,749.225,734.85,742.325
6/23/2022,747.5,721.913,734.275,733.413,706.963,726.225,704.663,720.188,795.225,432.688,275.425,224.538,227.988,236.9,217.063,201.25,193.488,643.425,761.875,746.638,750.663,773.663,748.075,754.688
6/24/2022,734.563,716.163,728.238,723.925,519.513,119.313,57.5,123.625,172.788,151.8,403.075,814.2,798.388,782.863,770.213,806.438,314.238,125.35,122.475,729.388,772.513,767.913,766.475,756.413
6/25/2022,746.063,743.475,754.113,744.338,763.313,281.175,86.25,120.175,129.95,757.275,788.038,786.313,783.725,790.625,821.388,424.063,146.625,122.475,92.575,139.725,120.175,104.65,105.513,101.2
6/26/2022,97.463,104.938,104.363,83.088,81.65,75.038,80.213,118.45,171.35,203.838,217.925,453.388,214.763,115,87.113,73.888,73.313,70.725,102.063,117.013,163.013,110.4,113.275,119.313
6/27/2022,105.8,98.9,87.4,89.125,99.475,77.625,69.863,129.663,140.588,180.838,181.988,206.713,210.163,182.85,140.875,135.7,133.113,114.713,111.55,79.925,84.525,42.263,72.163,77.913
6/28/2022,33.638,27.313,21.85,23,62.388,116.725,86.825,124.2,204.988,258.462,246.675,241.788,217.35,237.475,222.238,223.1,193.488,137.425,131.963,147.775,132.538,128.225,109.25,113.563
6/29/2022,89.988,57.5,48.588,44.563,96.888,106.95,99.763,128.512,204.413,228.85,191.188,190.038,185.438,192.338,202.688,200.1,155.825,123.05,118.738,106.663,649.175,756.988,772.225,721.05
6/30/2022,711.275,679.363,55.488,51.75,64.4,90.563,60.663,126.213,174.225,228.85,266.513,292.388,268.525,236.038,282.325,276.863,204.988,185.725,110.688,168.188,729.963,774.525,757.275,769.925
7/1/2022,789.763,736.575,707.825,719.325,420.613,123.913,96.888,170.488,189.75,194.638,209.3,212.75,203.55,217.35,195.213,163.588,143.463,144.9,117.013,113.563,144.038,138,137.425,135.125
7/2/2022,192.05,158.125,108.1,114.138,145.475,130.813,97.463,147.775,186.013,212.463,222.525,232.013,219.65,237.188,231.725,215.338,150.938,105.513,189.463,230,210.738,214.188,733.988,795.225
7/3/2022,770.788,728.813,708.975,708.688,540.5,108.675,65.263,120.175,192.338,194.925,166.175,159.275,137.713,140.012,138,126.788,144.9,160.138,160.425,174.8,255.3,89.413,107.238,94.875
7/4/2022,45.713,29.325,608.925,671.6,726.225,727.375,727.375,153.525,132.538,148.063,227.7,179.113,186.013,192.05,202.688,223.388,210.738,200.1,183.138,209.875,179.688,157.263,163.875,160.425
7/5/2022,92.863,63.538,62.388,82.513,113.85,94.013,116.15,711.85,759.863,216.775,209.588,233.45,222.525,225.975,173.65,181.988,156.4,689.425,765.038,800.4,788.9,771.938,763.025,758.425
7/6/2022,705.238,715.3,270.538,79.925,94.588,79.925,101.775,122.763,167.038,184,205.563,247.25,262.488,169.625,204.413,130.813,144.325,129.375,117.3,487.025,637.388,636.525,642.85,692.588
7/7/2022,722.775,717.6,711.85,718.463,772.513,759.575,729.963,770.5,855.313,895.85,666.425,276,280.6,266.225,260.475,242.075,213.9,170.2,199.238,165.888,172.788,185.438,184,143.463
7/8/2022,589.375,685.975,677.35,683.1,724.5,718.463,715.875,722.2,591.1,768.488,813.625,887.8,887.513,907.925,834.9,824.838,691.438,129.95,140.875,136.563,152.088,156.688,171.063,147.2
7/9/2022,132.825,129.375,115.575,122.188,110.688,138.863,98.325,189.175,95.45,74.463,818.225,884.063,264.788,191.475,223.388,358.225,279.45,117.3,133.975,128.225,154.963,166.175,152.375,112.125
7/10/2022,87.688,65.263,53.475,72.45,96.313,123.05,96.025,90.563,130.238,155.25,178.825,164.738,197.225,250.988,184.575,187.45,140.3,708.688,773.95,821.675,830.875,742.038,767.913,271.4
7/11/2022,69.863,41.113,39.388,36.225,82.8,97.463,99.188,57.788,122.475,160.138,173.65,138.288,167.9,201.538,113.563,107.813,122.188,119.888,114.425,109.538,93.725,101.2,382.375,739.738
7/12/2022,714.438,706.675,702.65,587.938,64.975,66.988,98.038,139.438,263.638,287.788,249.263,265.938,255.013,278.3,305.613,250.413,162.725,726.225,765.9,786.888,763.888,756.125,768.488,735.138
7/13/2022,737.725,100.338,61.525,59.513,61.238,92,115.863,133.975,754.688,891.25,614.675,249.55,248.4,269.388,253.863,499.1,828.288,815.925,829.725,835.763,796.088,774.813,747.788,761.013
7/14/2022,708.975,708.975,700.638,695.175,698.913,322.863,111.838,131.387,186.3,198.088,303.888,318.263,283.188,290.95,662.975,827.713,811.038,789.188,769.638,761.875,752.963,747.5,715.013,693.45
7/15/2022,696.613,692.588,689.138,690.575,692.875,84.238,128.8,158.988,202.975,219.938,277.15,276,217.063,158.7,221.375,220.513,220.8,243.225,813.625,814.488,779.413,752.1,738.3,750.95
7/16/2022,734.563,683.388,679.363,676.775,691.15,649.75,131.675,148.063,162.15,192.05,205.275,786.025,836.625,721.05,195.5,198.95,146.05,124.775,131.963,144.9,377.775,748.65,723.35,713.575
7/17/2022,584.488,97.463,85.675,85.963,52.038,59.8,67.85,103.213,137.137,187.163,198.088,178.825,144.613,138,148.063,125.638,141.163,139.15,154.963,169.338,483.288,807.588,772.513,773.95
7/18/2022,795.225,782.863,738.3,704.95,367.425,113.85,95.45,593.975,746.063,744.913,776.825,791.488,743.763,747.5,681.088,758.425,750.663,757.275,789.763,803.563,800.4,823.4,816.213,828.575
7/19/2022,780.85,751.238,731.4,722.488,742.325,763.313,769.063,794.363,817.65,897.863,908.5,877.163,847.838,865.663,845.538,436.138,117.588,111.263,173.938,476.675,797.525,823.688,798.1,759.575
7/20/2022,726.513,705.238,703.513,688.275,689.713,113.563,102.35,115,133.113,190.038,227.125,238.05,247.825,247.825,210.45,162.725,120.175,729.1,768.488,816.5,781.713,746.063,712.425,757.85
7/21/2022,725.363,685.113,693.738,264.212,49.45,91.138,91.425,128.8,174.225,202.975,244.95,238.913,156.975,199.238,183.138,164.45,402.213,789.475,810.463,788.613,790.913,789.188,785.163,768.488
7/22/2022,738.3,719.325,682.525,73.313,102.925,104.938,113.563,282.038,512.9,831.163,890.388,429.525,227.125,249.55,222.525,187.738,138.575,130.525,663.263,755.263,748.938,115.288,68.138,72.738
7/23/2022,33.925,35.938,33.638,600.3,676.775,709.838,713.288,755.263,785.738,769.063,811.9,823.4,813.338,817.938,851.575,439.875,197.225,151.8,139.15,141.738,234.888,798.388,760.15,737.725
7/24/2022,684.825,642.275,637.675,631.638,704.088,141.163,283.188,767.625,547.112,164.163,252.713,257.025,246.388,236.613,200.1,196.938,173.075,186.013,654.35,757.85,756.988,777.975,774.525,734.275
7/25/2022,688.563,682.238,683.963,636.238,685.4,764.75,782.863,781.138,786.025,806.725,799.538,807.875,805.288,785.163,785.45,781.713,772.8,781.713,772.513,800.113,805,789.763,787.463,775.388
7/26/2022,723.063,720.475,717.6,715.013,742.038,788.613,788.038,801.263,840.65,866.238,646.588,227.988,207,180.263,240.063,241.5,258.462,231.438,215.05,219.65,206.713,191.188,158.125,643.425
7/27/2022,700.925,664.988,685.4,707.538,708.4,767.338,286.638,121.613,153.238,115.863,133.975,203.838,213.613,213.038,190.613,198.088,545.388,567.813,747.5,730.825,751.813,729.963,755.55,760.438
7/28/2022,728.238,663.55,673.9,680.225,694.313,126.788,125.925,138.288,171.063,204.7,203.263,222.238,228.563,236.613,229.425,580.463,810.463,802.7,793.788,805.863,788.325,804.425,804.713,808.163
7/29/2022,774.525,711.275,707.825,700.925,695.75,113.275,115.575,150.65,145.188,703.225,676.775,216.775,227.125,230.575,228.85,425.213,799.538,757.563,772.513,776.825,777.4,773.95,784.588,812.188
7/30/2022,771.363,717.313,714.15,357.075,39.1,107.238,106.663,172.213,181.7,250.988,292.1,245.813,200.675,204.988,217.35,761.013,801.55,761.3,757.85,786.888,753.538,205.563,183.425,722.2
7/31/2022,812.475,786.313,792.638,778.55,773.95,787.75,793.213,763.6,772.8,781.138,759.863,813.625,811.325,676.488,817.65,797.238,789.475,784.875,797.525,801.838,803.275,804.713,784.013,782.863
8/1/2022,784.0125,763.025,754.1125,766.1875,791.2,792.0625,764.175,791.2,827.425,865.95,806.725,793.2125,825.7,591.9625,259.9,250.4125,221.6625,199.2375,223.675,250.125,228.5625,240.925,257.025,214.7625
8/2/2022,189.75,173.3625,171.35,159.5625,193.4875,204.9875,205.5625,244.375,265.075,362.5375,357.075,317.6875,286.6375,311.9375,312.225,302.7375,288.65,269.9625,270.25,710.4125,803.85,810.175,775.3875,783.15
8/3/2022,778.8375,788.0375,352.1875,146.625,172.7875,200.1,182.275,210.45,253.8625,234.6,259.325,354.4875,321.7125,334.3625,311.075,304.75,268.525,226.2625,235.4625,252.1375,235.4625,715.0125,783.725,746.0625
8/4/2022,679.075,697.1875,311.3625,129.375,150.65,165.6,153.2375,200.1,261.625,302.45,376.625,404.8,349.025,335.8,328.9,270.825,249.2625,203.2625,689.425,828.575,833.175,822.25,796.0875,795.5125
8/5/2022,796.95,792.6375,771.65,781.425,803.85,342.9875,97.4625,140.875,153.525,730.825,841.5125,424.925,204.9875,218.5,242.9375,381.8,131.9625,143.75,180.8375,687.125,788.6125,833.175,818.225,792.0625
8/6/2022,806.4375,360.2375,148.0625,139.15,162.4375,149.7875,107.8125,177.9625,210.1625,236.0375,282.325,213.6125,186.3,170.2,168.475,183.7125,181.9875,158.125,153.2375,158.4125,158.7,163.0125,159.5625,691.4375
8/7/2022,704.375,692.5875,688.85,711.85,307.3375,100.9125,91.425,102.925,111.55,135.4125,155.5375,158.125,205.5625,225.4,171.0625,148.925,149.5,119.6,113.85,160.425,133.975,156.6875,661.25,771.65
8/8/2022,781.7125,715.3,85.3875,37.6625,89.125,88.2625,101.2,146.05,156.1125,175.0875,216.2,233.7375,230.2875,239.775,184.2875,134.55,129.0875,186.5875,178.5375,195.5,193.4875,108.1,183.425,85.3875
8/9/2022,64.1125,87.1125,79.35,57.2125,116.15,131.1,140.0125,187.7375,247.825,769.6375,834.325,852.15,836.9125,225.4,229.425,213.6125,183.425,159.275,108.1,160.7125,122.7625,358.5125,779.7,785.45
8/10/2022,763.6,730.5375,730.5375,342.4125,114.7125,122.7625,123.05,166.175,260.475,526.7,911.95,874.8625,826.275,850.1375,884.0625,912.2375,419.4625,169.9125,150.3625,156.4,161,185.15,200.675,159.275
8/11/2022,151.5125,63.825,61.2375,211.3125,122.475,92.8625,97.175,124.2,166.75,186.5875,198.6625,185.725,159.5625,233.1625,814.775,935.2375,850.7125,277.4375,129.0875,148.0625,115.8625,151.225,133.1125,138.2875
8/12/2022,77.625,53.1875,75.0375,63.5375,100.05,108.675,113.275,163.0125,719.0375,382.95,179.1125,225.1125,191.475,222.2375,181.125,222.8125,287.5,219.3625,198.6625,186.5875,162.15,84.8125,116.4375,118.45
8/13/2022,101.2,66.9875,58.075,50.6,100.05,110.4,96.025,131.9625,183.7125,228.5625,718.175,292.9625,299.575,297.85,288.65,260.475,146.9125,98.0375,110.6875,110.1125,85.3875,102.0625,143.175,132.25
8/14/2022,125.0625,60.6625,51.4625,48.5875,107.525,120.75,106.6625,176.2375,139.725,297.85,97.175,146.625,142.025,117.0125,83.6625,83.0875,77.9125,63.5375,84.525,117.875,69.575,132.825,140.3,160.425
8/15/2022,58.9375,35.075,53.1875,54.9125,59.5125,117.5875,84.525,56.925,154.675,208.725,153.8125,118.7375,140.5875,163.0125,127.3625,114.7125,120.175,716.7375,753.5375,782.2875,801.55,805.575,772.8,735.425
8/16/2022,718.75,718.4625,710.7,169.3375,90.85,124.2,102.0625,134.55,184,194.6375,219.65,757.275,758.7125,755.55,726.5125,763.3125,735.1375,723.35,751.8125,762.45,747.7875,692.0125,677.35,657.8
8/17/2022,671.8875,675.9125,652.9125,171.35,116.15,63.825,79.6375,104.65,86.825,609.2125,756.7,765.9,752.675,775.675,670.45,621.2875,122.475,131.9625,105.8,645.15,698.625,762.7375,755.55,706.675
8/18/2022,658.95,650.6125,635.0875,633.9375,710.4125,282.325,105.8,144.6125,200.3875,200.9625,169.05,178.25,265.075,767.9125,700.35,689.7125,630.2,588.225,638.25,659.2375,698.3375,676.775,719.9,660.3875
8/19/2022,715.0125,690.8625,179.975,41.975,33.6375,52.9,41.975,83.375,68.1375,458.85,689.7125,717.025,735.425,738.3,677.925,677.35,591.675,715.3,752.9625,743.1875,761.0125,796.0875,752.9625,751.8125
8/20/2022,743.7625,745.2,736,735.1375,171.6375,599.15,93.725,84.2375,99.7625,676.775,769.0625,766.1875,489.325,146.3375,181.4125,169.625,142.6,193.4875,752.675,777.6875,775.675,779.7,770.2125,744.625
8/21/2022,768.4875,778.55,775.3875,767.9125,485.0125,108.3875,90.85,96.6,105.5125,152.0875,127.3625,50.025,31.9125,27.6,43.9875,41.1125,42.2625,560.05,702.65,733.9875,742.6125,771.9375,795.8,746.6375
8/22/2022,711.275,721.3375,302.45,64.4,50.3125,52.6125,24.4375,40.5375,76.1875,110.6875,140.3,142.3125,87.1125,83.0875,74.75,75.9,54.3375,633.075,700.925,729.9625,729.1,723.6375,712.7125,738.875
8/23/2022,441.6,73.6,75.9,85.9625,80.5,59.225,42.8375,50.3125,119.6,140.5875,98.325,104.9375,72.1625,74.4625,56.35,25.5875,730.825,771.075,793.5,833.4625,588.225,141.45,146.9125,101.2
8/24/2022,646.5875,737.15,721.05,724.7875,716.1625,715.3,718.175,731.975,804.7125,240.35,155.5375,198.95,168.475,175.95,167.6125,158.125,135.9875,116.725,119.6,629.05,789.7625,764.4625,754.975,744.3375
8/25/2022,742.6125,123.9125,109.825,92.8625,121.325,187.1625,441.025,679.075,158.9875,72.1625,76.475,96.6,116.15,123.05,204.4125,200.1,172.2125,137.7125,151.8,742.6125,776.5375,772.5125,721.05,690.8625
8/26/2022,691.15,252.425,165.3125,129.0875,94.3,102.6375,101.775,138.2875,161.8625,382.95,113.5625,111.8375,104.65,126.5,138.8625,172.7875,209.3,711.5625,796.0875,782,776.825,791.775,783.15,784.5875
8/27/2022,775.3875,700.35,723.925,719.0375,713.8625,757.5625,711.275,732.8375,764.175,809.6,398.1875,180.55,164.1625,196.65,188.3125,183.7125,701.2125,761.875,773.6625,788.6125,778.2625,710.4125,713.575,683.9625
8/28/2022,682.8125,670.45,669.0125,667.8625,667.8625,705.2375,703.5125,731.975,761.5875,833.175,829.4375,782.575,777.1125,849.85,836.9125,800.1125,800.975,808.7375,823.6875,843.525,843.525,773.6625,783.4375,768.775
8/29/2022,746.0625,744.3375,732.2625,729.675,737.15,712.425,710.125,730.825,762.45,790.05,829.4375,838.925,830.0125,836.625,854.1625,833.4625,821.9625,808.45,789.1875,807.3,785.1625,784.5875,774.525,765.325
8/30/2022,706.9625,703.8,710.4125,717.3125,747.2125,650.325,632.2125,744.3375,729.675,660.1,635.95,129.375,92,136.85,117.875,621.2875,737.15,711.85,717.3125,739.7375,745.775,733.7,722.4875,733.7
8/31/2022,720.475,722.775,741.75,694.8875,709.55,720.475,699.4875,779.4125,820.8125,830.0125,623.3,219.65,214.1875,232.0125,333.2125,853.0125,830.3,788.9,789.1875,798.9625,788.9,790.05,768.4875,773.6625
9/1/2022,793.5,705.525,701.2125,679.9375,724.7875,746.6375,733.125,781.425,804.1375,826.5625,876.3,881.475,812.475,776.25,775.675,808.7375,763.3125,753.825,695.75,731.6875,744.3375,740.025,732.2625,730.25
9/2/2022,734.275,698.625,685.4,685.6875,708.1125,707.5375,715.0125,737.725,736.575,724.7875,639.6875,785.7375,782.2875,774.525,779.4125,772.5125,754.4,714.15,724.7875,740.6,745.2,735.425,705.2375,686.8375
9/3/2022,660.9625,660.9625,655.7875,656.3625,696.9,708.6875,728.2375,743.475,721.9125,695.175,85.9625,166.175,105.5125,138,166.4625,756.7,756.4125,746.0625,732.8375,745.775,729.675,736.575,726.225,721.05
9/4/2022,698.3375,659.8125,650.9,648.025,708.1125,729.675,722.775,231.4375,51.75,46.575,58.65,91.425,94.3,106.6625,86.825,685.4,719.325,703.8,705.525,739.45,750.95,727.0875,761.3,288.9375
9/5/2022,79.35,31.625,26.1625,21.85,61.2375,73.8875,68.1375,69,78.775,95.45,138.575,131.3875,119.3125,695.175,717.8875,721.625,732.2625,675.05,687.7,716.7375,724.2125,733.7,753.25,368.2875
9/6/2022,74.4625,139.4375,252.425,218.5,128.8,86.5375,78.775,148.35,654.0625,800.1125,791.4875,812.475,785.7375,653.4875,193.4875,164.45,426.075,777.6875,791.4875,211.3125,107.2375,109.825,111.55,109.25
9/7/2022,104.65,77.3375,77.05,91.1375,73.3125,83.95,65.8375,58.075,91.7125,687.4125,807.5875,488.4625,130.525,148.35,157.2625,171.0625,174.225,99.7625,703.225,713.2875,666.7125,707.5375,714.4375,777.975
9/8/2022,754.975,708.1125,729.675,351.325,92,114.7125,106.375,135.4125,158.7,127.9375,751.2375,823.1125,775.9625,775.3875,805.575,802.125,781.1375,768.2,774.8125,789.7625,775.3875,763.3125,749.8,755.55
9/9/2022,379.7875,79.0625,43.9875,5.175,547.1125,626.175,629.05,638.825,740.8875,719.6125,208.4375,147.2,150.075,194.925,710.4125,802.7,737.4375,725.9375,692.875,685.4,666.7125,710.7,676.4875,698.3375
9/10/2022,693.1625,700.925,703.225,316.5375,67.5625,78.4875,69.2875,100.3375,343.275,692.875,708.6875,812.7625,782.575,425.2125,184.8625,170.4875,548.8375,739.45,719.9,749.8,761.875,748.3625,744.625,759.2875
9/11/2022,764.175,711.85,343.5625,18.1125,72.7375,97.175,43.9875,25.875,37.6625,61.2375,40.25,641.4125,701.2125,739.45,752.3875,745.775,747.7875,745.775,399.05,131.675,118.45,115.8625,166.4625,145.1875
9/12/2022,388.4125,753.5375,756.125,750.0875,750.375,743.475,731.6875,326.3125,99.475,118.7375,142.8875,146.625,129.0875,174.8,155.25,212.4625,763.8875,750.0875,756.9875,748.3625,797.8125,933.5125,867.3875,838.35
9/13/2022,820.525,738.5875,145.7625,124.775,114.425,97.175,366.275,733.9875,669.3,712.425,546.25,149.7875,136.5625,155.825,133.6875,111.55,103.2125,73.025,117.875,109.825,146.3375,159.85,523.825,752.3875
9/14/2022,727.6625,705.8125,700.0625,453.675,57.7875,96.8875,102.925,660.1,809.6,421.1875,170.2,121.6125,123.625,140.3,140.875,155.825,726.225,715.5875,729.9625,756.4125,785.7375,794.3625,811.6125,592.5375
9/15/2022,123.05,59.5125,41.975,36.8,62.3875,103.2125,100.05,157.8375,768.4875,818.5125,795.225,644,143.4625,161,153.8125,168.7625,143.175,109.5375,109.25,361.1,775.9625,767.625,777.975,778.2625
9/16/2022,744.9125,369.15,60.375,48.0125,58.65,102.6375,103.2125,121.325,165.025,150.9375,152.375,196.9375,162.15,125.925,169.9125,194.0625,171.0625,139.15,110.975,714.725,761.5875,795.8,793.2125,760.725
9/17/2022,708.6875,647.7375,73.025,53.1875,71.0125,92.575,101.2,114.425,150.3625,805,822.25,802.4125,787.175,834.9,288.9375,156.975,150.075,485.0125,777.1125,809.025,785.45,776.825,811.9,829.15
9/18/2022,737.725,735.1375,757.5625,135.4125,96.025,123.05,109.5375,161,168.475,165.025,168.7625,144.325,146.05,698.05,770.2125,759.575,744.9125,763.3125,758.7125,783.15,815.0625,137.1375,146.625,136.5625
9/19/2022,80.7875,695.175,715.3,702.65,693.7375,756.125,758.425,777.1125,687.125,125.925,143.4625,150.65,158.7,156.1125,152.95,412.5625,770.5,763.3125,774.2375,782.2875,786.8875,211.025,144.6125,127.075
9/20/2022,128.8,107.525,104.9375,101.2,99.1875,102.35,170.4875,156.975,169.05,265.075,288.075,803.275,899.875,921.4375,859.3375,778.55,732.2625,714.725,719.325,771.3625,758.1375,185.15,90.85,62.675
9/21/2022,69.575,79.35,108.675,103.5,94.5875,131.9625,172.7875,729.9625,775.9625,854.45,886.3625,793.5,738.875,812.1875,822.25,794.65,761.3,740.6,756.4125,754.6875,742.9,750.375,749.8,735.7125
9/22/2022,700.6375,699.2,686.2625,679.075,673.9,718.175,708.1125,749.8,771.3625,492.775,128.225,110.6875,312.225,773.375,780.85,769.0625,768.4875,755.8375,765.325,762.45,732.2625,765.325,745.4875,749.5125
9/23/2022,713,707.5375,712.425,714.15,712.425,742.0375,739.7375,770.5,394.1625,100.9125,137.1375,142.3125,129.6625,132.825,124.4875,131.9625,115.2875,108.3875,121.9,113.275,133.6875,127.9375,690,766.7625
9/24/2022,678.7875,660.675,643.1375,25.5875,23.575,98.0375,125.35,144.325,168.475,211.8875,179.4,732.8375,729.9625,785.1625,777.1125,756.7,744.625,731.975,742.9,734.5625,740.025,768.2,757.275,710.7
9/25/2022,685.1125,673.9,673.6125,663.55,664.125,718.4625,724.2125,717.025,741.75,775.675,739.1625,749.225,768.775,770.5,765.6125,765.325,750.375,738.875,754.4,743.1875,756.7,760.4375,742.9,721.05
9/26/2022,678.2125,654.0625,655.7875,647.45,660.1,719.9,686.2625,724.7875,753.825,760.15,775.9625,820.525,796.95,754.4,747.7875,729.675,718.175,721.625,733.9875,726.5125,722.4875,741.175,733.9875,737.4375
9/27/2022,720.475,664.4125,650.0375,643.7125,687.7,691.4375,689.1375,732.2625,504.275,175.6625,215.05,181.4125,149.5,163.3,147.4875,700.6375,683.1,651.7625,736.2875,701.7875,740.8875,779.9875,698.05,668.15
9/28/2022,693.45,676.2,681.0875,657.225,838.6375,789.475,741.4625,766.1875,789.475,560.05,163.5875,171.0625,154.9625,162.4375,154.1,127.075,698.3375,708.1125,738.875,772.8,769.925,730.25,726.8,717.025
9/29/2022,697.1875,205.5625,15.2375,11.2125,30.7625,59.225,61.8125,103.7875,155.825,211.3125,233.45,355.925,781.1375,814.775,594.8375,176.8125,540.7875,844.9625,806.725,837.2,830.3,788.9,117.875,67.5625
9/30/2022,63.825,76.475,98.0375,132.25,207,143.175,98.325,137.7125,754.975,214.1875,127.65,91.425,81.075,102.6375,105.8,77.05,59.8,52.9,286.35,731.975,725.65,349.6,68.7125,34.2125
10/1/2022,16.9625,6.9,33.0625,15.525,74.175,370.5875,697.7625,754.1125,824.8375,812.475,859.625,297.85,123.625,174.225,172.7875,205.5625,748.9375,787.175,779.7,755.8375,781.425,796.6625,275.425,134.2625
10/2/2022,56.925,38.8125,72.1625,390.1375,750.0875,750.0875,567.8125,93.4375,107.525,125.0625,351.325,763.8875,794.65,790.05,777.4,750.375,753.5375,621.2875,155.25,159.5625,744.9125,742.9,728.8125,665.275
10/3/2022,669.3,674.1875,683.1,680.5125,699.2,717.8875,708.975,751.8125,136.275,163.0125,177.3875,158.125,148.925,114.425,114.425,79.35,57.7875,626.175,712.1375,724.2125,741.4625,297.275,95.45,76.7625
10/4/2022,49.1625,61.2375,343.5625,666.7125,681.95,741.175,748.3625,630.775,172.2125,190.0375,165.3125,228.275,220.225,217.6375,251.275,246.1,211.8875,649.4625,850.425,826.275,791.4875,768.2,752.675,711.5625
10/5/2022,700.6375,690,677.6375,679.3625,709.2625,750.95,739.7375,772.225,808.7375,752.675,177.3875,150.9375,163.3,179.1125,173.65,556.8875,754.975,748.9375,778.8375,805.8625,755.2625,721.3375,709.2625,709.55
10/6/2022,292.9625,18.1125,3.1625,10.925,75.325,73.3125,100.05,123.9125,115.2875,257.8875,305.6125,291.2375,265.9375,881.475,855.3125,867.1,853.0125,848.125,879.75,822.5375,752.9625,713.8625,704.0875,702.075
10/7/2022,694.025,356.7875,28.175,22.7125,65.8375,144.325,97.175,114.1375,109.5375,171.925,193.775,184.8625,136.5625,156.975,183.1375,186.875,600.5875,765.9,793.2125,384.9625,129.0875,94.3,64.1125,59.225
10/8/2022,50.3125,48.875,35.3625,28.75,32.775,31.9125,20.125,103.2125,683.3875,490.475,200.1,213.0375,183.1375,186.875,186.875,194.0625,184.8625,133.975,731.975,781.7125,778.55,742.9,738.0125,750.375
10/9/2022,344.425,53.475,21.85,22.425,54.05,86.825,63.5375,69,76.475,119.3125,113.5625,113.85,101.4875,101.4875,117.3,73.3125,60.375,73.3125,108.9625,694.8875,763.6,782.575,140.875,70.4375
10/10/2022,29.6125,0,0,0,18.6875,41.975,27.3125,42.55,62.3875,73.8875,78.2,117.5875,106.375,68.425,54.9125,50.3125,36.5125,623.0125,681.6625,716.45,297.275,92.8625,86.825,83.375
10/11/2022,35.9375,13.5125,12.65,9.4875,77.9125,72.1625,63.5375,78.775,108.675,171.925,154.1,137.425,119.3125,128.8,126.5,114.425,109.25,91.425,702.075,752.675,487.3125,104.075,109.25,85.3875
10/12/2022,31.3375,11.7875,629.3375,667,309.6375,46,47.15,52.325,104.3625,117.5875,154.9625,162.725,165.025,171.6375,168.1875,148.6375,97.75,529,734.275,747.7875,751.525,396.4625,101.2,136.85
10/13/2022,147.4875,631.6375,739.45,759.575,572.7,94.875,20.7,24.4375,34.5,98.0375,98.9,71.0125,241.2125,278.0125,307.625,118.1625,97.4625,71.0125,88.8375,516.925,740.025,515.4875,95.1625,98.0375
10/14/2022,50.8875,614.9625,69.575,19.55,77.05,83.6625,265.075,287.7875,31.3375,146.625,635.0875,834.325,641.4125,186.0125,489.9,522.9625,174.5125,140.0125,149.5,158.9875,143.4625,130.8125,123.625,115.575
10/15/2022,101.775,65.8375,319.125,27.6,86.25,73.8875,56.6375,730.25,743.7625,791.4875,826.275,820.525,734.85,788.6125,802.125,813.625,797.525,730.5375,744.9125,803.5625,792.6375,788.9,782.575,772.225
10/16/2022,771.9375,790.625,786.025,791.2,791.4875,782,744.9125,699.775,736.8625,758.1375,730.825,744.3375,773.95,675.05,359.375,362.825,79.6375,119.025,115.575,117.875,45.1375,84.2375,112.125,100.05
10/17/2022,54.05,81.3625,81.65,89.4125,148.925,268.2375,746.925,570.4,80.2125,55.4875,90.85,129.0875,143.175,507.15,401.6375,305.325,107.2375,758.7125,789.1875,763.3125,800.975,755.8375,129.95,380.075
10/18/2022,769.0625,740.6,722.775,713,712.1375,751.8125,733.4125,756.7,779.9875,787.175,808.7375,490.475,799.25,819.6625,811.6125,801.2625,781.7125,766.475,796.6625,804.425,775.3875,774.8125,776.5375,769.35
10/19/2022,733.4125,696.325,692.875,689.7125,720.1875,716.45,763.3125,800.4,805.575,831.1625,844.9625,845.825,801.2625,811.325,811.325,806.15,773.95,767.625,790.9125,793.7875,752.1,769.35,782.2875,715.3
10/20/2022,720.475,687.7,698.9125,715.875,720.475,769.0625,786.025,795.8,825.4125,828,833.175,860.4875,837.775,833.75,825.9875,805.8625,801.8375,793.7875,812.475,765.6125,751.8125,759.575,781.425,712.425
10/21/2022,709.2625,662.4,661.25,664.125,684.25,714.15,781.7125,793.7875,777.975,858.475,859.9125,844.675,831.7375,841.8,850.7125,849.275,821.1,780.275,801.8375,787.4625,790.9125,819.6625,835.7625,769.35
10/22/2022,777.975,776.825,775.9625,760.725,769.6375,810.75,809.025,780.5625,779.4125,805.8625,817.3625,832.3125,328.0375,211.8875,164.1625,146.3375,115.575,666.7125,780.275,761.0125,736.575,615.825,182.5625,130.525
10/23/2022,683.3875,702.075,696.0375,670.1625,679.65,620.7125,738.0125,735.1375,709.2625,736.2875,753.25,786.8875,721.3375,589.375,699.775,704.375,706.1,723.925,740.6,727.375,710.125,654.925,647.45,629.625
10/24/2022,642.85,649.175,600.5875,581.9,592.25,665.275,628.7625,616.975,648.6,671.025,684.25,717.025,339.5375,94.0125,131.9625,668.15,654.0625,654.925,659.2375,655.5,677.35,596.5625,468.05,669.5875
10/25/2022,664.4125,658.6625,653.775,648.3125,640.8375,632.2125,620.1375,667.8625,689.1375,715.5875,813.3375,823.975,765.0375,788.325,790.9125,744.05,695.4625,654.925,723.6375,689.425,693.7375,685.6875,662.975,650.325
10/26/2022,636.525,615.5375,613.2375,613.2375,638.25,690.575,701.7875,738.3,762.45,759.575,745.2,732.55,718.175,731.6875,740.6,758.7125,718.75,708.4,718.175,745.4875,781.1375,753.5375,743.7625,765.325
10/27/2022,722.4875,681.95,677.6375,687.4125,719.325,770.5,729.9625,694.025,740.3125,690.8625,679.9375,744.3375,703.225,729.1,746.35,782.8625,690.8625,677.35,687.9875,706.9625,734.5625,733.125,722.2,681.375
10/28/2022,668.4375,668.4375,660.3875,664.125,695.175,733.4125,718.175,738.3,742.6125,756.9875,765.0375,801.8375,767.3375,784.0125,771.3625,838.6375,753.825,733.4125,759.8625,773.375,748.9375,716.1625,704.375,722.2
10/29/2022,667.575,666.7125,652.9125,639.975,699.2,700.0625,684.25,735.1375,752.3875,802.125,784.3,814.2,788.325,798.1,821.1,837.2,234.3125,683.3875,721.9125,692.5875,665.275,706.9625,760.725,738.875
10/30/2022,699.2,677.35,671.6,667.8625,726.8,722.4875,706.675,729.675,792.0625,792.6375,564.65,152.95,166.75,474.375,748.3625,732.55,751.8125,770.5,763.8875,764.75,764.75,769.6375,733.4125,686.2625
10/31/2022,722.775,681.375,690.575,684.825,701.2125,733.9875,726.5125,780.275,273.7,599.4375,749.8,763.3125,764.4625,765.325,761.5875,788.325,783.4375,750.375,782.575,788.9,786.3125,787.4625,767.9125,761.5875
11/1/2022,765.9,753.5375,683.3875,676.2,697.1875,717.6,715.3,746.35,736.2875,744.625,805.2875,802.4125,754.4,761.5875,782.8625,741.75,725.65,718.4625,762.7375,762.45,751.2375,721.3375,757.275,754.4
11/2/2022,743.7625,715.875,688.275,685.975,696.0375,719.0375,715.875,758.425,803.85,812.7625,816.2125,804.7125,781.7125,797.525,813.625,795.5125,131.675,137.425,758.7125,754.4,734.275,709.55,768.4875,759
11/3/2022,763.8875,755.55,697.7625,713.8625,753.825,723.0625,732.8375,696.325,231.725,285.2,282.325,247.5375,206.7125,178.5375,176.2375,209.3,171.35,137.1375,149.7875,146.625,150.3625,158.9875,658.95,782
11/4/2022,792.6375,280.3125,37.95,27.8875,44.5625,87.6875,78.4875,129.0875,139.725,156.975,199.525,182.275,174.8,191.475,173.9375,145.7625,152.95,136.5625,159.275,150.9375,114.1375,125.925,134.8375,111.2625
11/5/2022,96.6,54.9125,46,38.525,49.1625,79.6375,98.0375,144.325,155.825,173.075,184.575,170.775,176.8125,164.1625,161.8625,134.2625,125.35,86.25,117.875,114.7125,87.4,72.1625,100.9125,99.1875
11/6/2022,101.775,52.0375,41.975,29.9,50.6,66.9875,81.3625,84.2375,125.925,112.9875,64.975,124.775,169.05,121.325,142.8875,131.9625,94.3,82.8,88.55,81.65,93.725,101.2,94.5875,87.6875
11/7/2022,48.0125,40.825,33.0625,50.8875,89.125,49.7375,17.825,51.175,62.3875,61.8125,129.0875,135.4125,103.2125,141.1625,97.75,76.1875,77.3375,92.8625,118.45,117.875,122.7625,129.0875,133.1125,106.95
11/8/2022,49.7375,47.15,43.7,50.6,94.5875,66.4125,74.175,116.4375,146.05,144.6125,127.65,197.5125,132.25,124.4875,140.3,118.45,144.9,122.1875,103.7875,618.125,742.9,737.725,177.3875,93.4375
11/9/2022,26.7375,19.8375,14.95,37.0875,46.8625,52.9,34.5,59.8,717.3125,308.775,140.5875,157.2625,122.7625,135.7,148.0625,111.55,107.525,101.2,127.9375,672.4625,756.9875,263.6375,121.9,98.325
11/10/2022,53.475,45.7125,42.2625,56.35,102.0625,82.225,69.2875,75.325,99.1875,131.3875,141.1625,158.7,144.325,142.8875,143.75,152.375,112.4125,259.0375,106.0875,105.8,130.525,157.2625,100.9125,83.6625
11/11/2022,45.7125,44.5625,33.6375,46.2875,85.9625,67.275,61.525,77.9125,101.4875,143.4625,129.0875,146.3375,139.15,140.5875,127.3625,90.5625,97.175,54.3375,57.7875,402.5,737.725,744.3375,144.6125,100.3375
11/12/2022,62.1,65.8375,61.525,48.875,89.9875,61.2375,36.225,66.9875,110.1125,738.5875,753.25,216.4875,156.4,200.1,217.35,209.3,177.1,127.65,634.225,785.7375,789.1875,519.5125,171.925,97.75
11/13/2022,64.6875,50.8875,43.7,78.4875,89.9875,74.75,50.8875,33.925,34.2125,57.5,70.15,55.775,44.85,116.725,632.5,743.475,757.85,540.7875,123.05,131.9625,106.375,75.0375,49.7375,125.925
11/14/2022,689.7125,715.3,707.825,700.0625,715.875,277.4375,20.7,21.85,29.9,84.8125,133.975,238.9125,80.5,89.125,109.25,122.1875,104.3625,361.9625,796.0875,774.2375,560.9125,88.55,105.5125,104.075
11/15/2022,111.55,130.525,119.3125,117.5875,121.0375,78.4875,80.7875,46.2875,64.6875,142.8875,148.6375,179.975,599.15,158.7,140.3,132.5375,136.5625,124.2,117.3,738.875,706.9625,589.95,64.4,70.725
11/16/2022,92.2875,61.8125,57.5,53.7625,66.125,47.15,64.1125,89.4125,119.8875,215.625,241.2125,193.2,116.15,132.5375,118.7375,145.1875,139.4375,103.2125,112.125,121.6125,127.3625,76.7625,10.925,671.8875
11/17/2022,655.2125,31.3375,52.9,49.1625,87.4,46.575,16.1,77.05,160.7125,171.0625,187.45,193.775,169.05,196.9375,192.625,167.0375,169.05,145.1875,162.15,158.7,112.4125,187.7375,204.9875,145.7625
11/18/2022,146.05,193.4875,547.4,124.775,120.75,90.85,66.7,151.5125,176.2375,79.0625,75.325,187.1625,155.25,181.7,172.7875,162.15,81.075,55.2,79.35,82.5125,114.1375,134.2625,664.4125,414.2875
11/19/2022,120.4625,66.125,33.0625,22.425,43.9875,33.6375,41.4,66.7,90.275,89.4125,773.95,303.3125,127.3625,124.2,84.525,135.7,137.7125,118.7375,242.075,221.0875,96.8875,104.9375,130.8125,110.1125
11/20/2022,94.5875,73.025,90.275,82.225,93.725,89.9875,62.1,93.4375,116.4375,111.8375,68.7125,31.9125,38.2375,610.3625,727.6625,734.85,718.175,726.8,739.45,742.0375,745.775,698.625,690.2875,702.9375
11/21/2022,691.725,665.275,671.8875,660.1,675.9125,674.7625,642.275,681.0875,744.05,781.7125,836.3375,795.8,794.3625,789.475,796.0875,768.775,798.3875,780.85,805.8625,815.925,782.8625,781.7125,777.4,769.0625
11/22/2022,717.3125,713,704.95,707.5375,711.275,761.3,728.2375,812.7625,833.4625,823.4,833.75,826.85,806.725,835.7625,813.9125,838.35,756.7,720.1875,718.175,738.0125,716.45,673.6125,673.9,671.025
11/23/2022,663.55,665.5625,665.85,663.2625,710.125,724.5,728.8125,704.375,631.35,630.775,515.2,635.375,723.0625,756.4125,728.525,724.2125,675.05,682.2375,725.9375,710.7,682.8125,673.9,643.7125,614.1
11/24/2022,600.0125,597.425,598,598.2875,664.7,696.6125,683.1,708.1125,413.7125,693.45,702.075,727.375,729.3875,768.775,781.7125,746.35,734.5625,737.15,771.3625,764.175,757.275,740.3125,719.325,718.4625
11/25/2022,708.4,707.5375,715.875,708.975,715.3,720.7625,710.125,742.0375,746.0625,763.8875,796.375,798.1,808.1625,812.7625,796.95,825.4125,760.15,762.45,786.6,785.45,770.2125,768.2,763.025,763.3125
11/26/2022,732.2625,738.5875,746.6375,716.7375,756.7,791.775,686.55,738.0125,814.2,794.075,494.7875,141.7375,113.85,173.075,151.225,694.6,736.2875,743.1875,750.375,763.3125,775.1,715.875,721.05,713.2875
11/27/2022,700.925,703.225,705.2375,704.0875,731.6875,768.2,741.4625,730.5375,784.0125,505.7125,92.2875,88.2625,94.875,83.0875,63.25,43.7,75.6125,66.4125,656.3625,726.225,709.55,679.3625,638.25,718.75
11/28/2022,289.5125,2.0125,0,0.2875,4.6,463.45,633.9375,630.775,693.7375,111.55,52.325,85.9625,46.575,267.0875,726.8,687.9875,675.3375,677.6375,680.8,680.225,671.8875,677.6375,665.85,682.2375
11/29/2022,681.0875,634.5125,628.7625,649.175,691.725,692.0125,693.7375,706.1,750.6625,623.5875,173.075,172.2125,143.75,344.7125,704.375,727.375,714.4375,677.35,707.25,731.1125,734.5625,731.975,718.175,719.0375
11/30/2022,714.725,711.85,696.6125,693.1625,704.0875,691.15,683.9625,694.025,739.7375,756.4125,129.0875,98.0375,75.6125,68.425,79.35,99.7625,42.2625,24.725,500.5375,722.2,719.6125,285.4875,79.35,76.1875
12/1/2022,152.6625,60.375,53.1875,46.2875,354.2,689.425,687.9875,738.5875,775.9625,779.125,809.3125,710.4125,161.8625,146.3375,149.7875,707.825,667.8625,660.1,729.9625,744.3375,753.825,732.8375,725.075,716.1625
12/2/2022,722.4875,726.5125,715.3,676.775,724.2125,720.7625,695.75,718.4625,735.7125,771.65,788.0375,157.55,124.2,161.575,205.5625,640.55,730.5375,730.825,732.55,741.175,727.0875,703.8,693.7375,740.6
12/3/2022,741.75,713,705.525,648.025,663.2625,692.0125,691.725,709.55,716.7375,148.925,112.9875,83.0875,128.5125,505.7125,727.6625,746.6375,740.8875,713.8625,733.9875,748.65,735.1375,749.5125,741.75,739.7375
12/4/2022,733.125,653.4875,653.2,655.2125,726.225,736,700.0625,675.9125,680.8,721.9125,739.45,743.1875,734.85,712.425,704.95,719.9,694.3125,690,700.925,721.05,748.65,734.85,706.3875,673.6125
12/5/2022,670.1625,668.4375,665.85,676.4875,708.1125,736.575,694.8875,723.35,749.8,761.3,756.7,738.875,731.1125,735.1375,714.725,677.0625,674.1875,679.9375,698.9125,665.5625,660.675,694.8875,714.15,713.575
12/6/2022,703.5125,702.9375,704.6625,708.6875,707.825,699.4875,707.25,761.0125,782,797.8125,821.9625,797.525,782.2875,797.525,770.2125,754.1125,739.1625,704.0875,727.375,728.8125,725.3625,712.7125,710.9875,706.3875
12/7/2022,715.0125,706.675,692.5875,703.225,709.55,714.15,587.9375,592.825,618.4125,655.2125,668.725,678.2125,353.9125,16.1,236.0375,343.275,570.975,523.5375,557.75,591.675,576.725,612.0875,629.05,606.05
12/8/2022,597.1375,597.7125,589.6625,587.3625,634.5125,140.0125,0.575,288.3625,604.9,428.0875,4.6,0,0.8625,416.0125,336.6625,0,0,72.45,606.3375,617.2625,610.3625,621.575,620.7125,583.9125
12/9/2022,552,568.3875,88.2625,0,0.2875,15.2375,0.575,3.1625,50.3125,36.8,73.025,73.025,581.0375,703.5125,717.6,696.6125,700.925,676.2,686.8375,678.5,696.9,318.55,29.325,18.4
12/10/2022,0.8625,0.8625,610.3625,614.1,524.6875,18.1125,10.925,26.1625,83.95,113.275,119.3125,730.825,746.0625,731.6875,655.2125,343.275,60.6625,461.15,697.475,678.7875,684.25,685.1125,672.4625,653.4875
12/11/2022,618.9875,609.7875,625.6,96.6,20.4125,644.2875,641.125,649.175,620.7125,648.6,642.275,631.0625,681.375,677.0625,660.3875,670.1625,682.8125,682.2375,700.0625,700.0625,676.2,646.0125,636.8125,661.5375
12/12/2022,642.85,612.375,608.0625,610.65,644.575,697.7625,713.8625,705.8125,704.95,702.075,656.9375,639.6875,643.7125,633.075,640.8375,683.9625,722.775,649.75,669.5875,668.4375,687.9875,705.8125,684.25,697.7625
12/13/2022,691.4375,661.825,639.1125,639.4,657.225,702.65,699.775,694.025,705.8125,755.55,797.8125,772.225,737.15,743.1875,763.8875,745.4875,633.9375,650.0375,190.0375,66.7,54.05,25.875,219.075,628.7625
12/14/2022,629.9125,651.1875,170.2,0,3.45,11.2125,0.575,483.2875,619.5625,626.75,507.725,79.6375,92,68.1375,478.1125,701.2125,690,696.325,689.1375,689.7125,716.45,321.425,27.8875,414.8625
12/15/2022,602.3125,606.9125,602.025,618.9875,80.5,3.45,0,0,75.9,202.1125,169.9125,187.45,354.775,778.2625,782,636.525,114.7125,92,485.3,721.3375,671.6,609.5,328.6125,6.9
12/16/2022,1.4375,2.3,2.0125,614.9625,637.3875,660.1,660.3875,678.5,684.825,701.7875,717.3125,784.5875,784.5875,790.625,805.575,793.5,745.2,701.5,729.1,757.85,719.325,777.4,753.25,188.025
12/17/2022,97.4625,81.075,42.55,31.9125,33.925,98.325,106.95,79.6375,57.7875,141.7375,94.875,139.15,150.075,102.35,137.425,129.375,726.225,731.1125,756.125,772.225,768.2,704.375,742.6125,712.7125
12/18/2022,712.425,523.825,76.1875,77.05,77.3375,110.4,57.2125,69,84.2375,123.05,125.0625,132.825,115.2875,110.1125,129.95,105.5125,118.45,187.45,767.05,764.4625,780.275,142.8875,37.6625,69
12/19/2022,65.55,62.1,65.8375,64.975,111.55,76.475,76.1875,75.325,78.4875,100.05,112.125,41.4,83.0875,129.0875,299.8625,106.375,158.4125,152.6625,532.1625,736,758.7125,365.7,97.175,107.8125
12/20/2022,88.8375,59.225,59.5125,65.2625,120.4625,110.975,68.425,130.525,177.1,180.2625,190.6125,181.9875,182.5625,130.525,125.35,125.6375,101.2,103.5,100.9125,116.4375,723.35,712.425,146.05,73.3125
12/21/2022,81.9375,85.3875,89.4125,89.7,96.025,127.65,68.1375,72.1625,91.1375,111.8375,624.45,754.1125,548.2625,720.1875,723.6375,759.2875,544.525,90.5625,105.5125,90.85,93.725,86.5375,81.3625,76.1875
12/22/2022,80.5,33.6375,25.5875,26.7375,61.2375,100.625,111.55,97.75,104.65,115.8625,119.3125,119.6,130.8125,112.4125,166.4625,157.8375,134.55,125.35,151.225,139.725,165.025,119.8875,147.775,162.4375
12/23/2022,139.725,112.7,70.725,57.2125,72.45,107.2375,130.525,148.925,157.8375,139.4375,170.775,360.2375,798.3875,799.825,808.1625,746.6375,590.8125,126.7875,123.625,123.625,124.4875,96.6,87.6875,670.1625
12/24/2022,271.6875,45.425,43.9875,43.9875,73.3125,76.1875,55.2,77.05,121.9,125.925,99.7625,159.275,161.2875,151.8,118.7375,92.8625,99.1875,333.7875,750.95,773.6625,786.025,284.05,143.4625,137.1375
12/25/2022,128.225,673.0375,684.5375,681.95,681.6625,386.1125,60.375,83.375,99.475,119.6,112.125,85.9625,121.9,158.9875,624.45,734.5625,705.8125,606.625,165.6,142.3125,141.1625,155.25,153.525,146.3375
12/26/2022,142.6,97.4625,67.5625,94.3,100.3375,130.2375,122.475,126.5,125.6375,121.6125,148.925,144.6125,151.8,143.75,134.2625,99.7625,89.4125,123.625,153.525,115.8625,107.525,168.1875,172.2125,160.7125
12/27/2022,143.75,94.3,52.9,42.2625,56.925,110.6875,117.875,134.55,94.0125,163.3,129.6625,169.3375,187.7375,184,187.45,174.5125,141.7375,150.65,152.375,170.2,161.8625,712.425,548.55,160.1375
12/28/2022,165.8875,139.4375,73.025,41.1125,78.4875,105.8,107.2375,104.65,70.725,752.9625,517.7875,98.0375,133.4,133.975,148.35,714.4375,758.7125,728.8125,744.9125,769.925,771.9375,733.125,734.85,703.225
12/29/2022,675.3375,673.0375,674.475,669.875,680.225,314.2375,56.6375,98.325,77.05,113.275,133.6875,108.675,152.6625,138.2875,641.9875,755.2625,750.6625,477.25,135.4125,129.375,178.5375,169.9125,124.4875,184
12/30/2022,141.45,102.6375,92.575,98.325,105.5125,104.65,110.4,87.6875,137.1375,112.7,235.4625,213.6125,173.65,210.45,189.4625,177.3875,145.1875,146.3375,159.85,169.625,777.975,759.8625,525.55,127.3625
12/31/2022,123.625,152.6625,133.6875,117.875,75.325,120.75,72.45,432.1125,737.725,385.25,89.125,117.5875,147.4875,174.8,144.9,751.2375,750.0875,737.15,753.5375,762.7375,755.2625,771.3625,734.85,728.525
